{"cameraMode":{"drawMode":0,"name":"Shaded","section":"Shading Mode"},"sceneLighting":true,"audioPlay":false,"sceneViewState":{"m_AlwaysRefresh":false,"showFog":true,"showSkybox":true,"showFlares":true,"showImageEffects":true,"showParticleSystems":true,"showVisualEffectGraphs":true,"m_FxEnabled":true},"in2DMode":false,"pivot":{"x":2.8130946159362795,"y":0.07452263683080673,"z":-1.3957056999206544},"rotation":{"x":-0.35750290751457217,"y":0.5890437364578247,"z":-0.3250970244407654,"w":-0.6477459073066711},"size":9.972452163696289,"orthographic":false}