{"cameraMode":{"drawMode":0,"name":"Shaded","section":"Shading Mode"},"sceneLighting":false,"audioPlay":false,"sceneViewState":{"m_AlwaysRefresh":false,"showFog":true,"showSkybox":false,"showFlares":true,"showImageEffects":true,"showParticleSystems":true,"showVisualEffectGraphs":true,"m_FxEnabled":true},"in2DMode":false,"pivot":{"x":0.00013974308967590332,"y":0.2542213797569275,"z":0.10071486234664917},"rotation":{"x":0.5568801760673523,"y":0.42290961742401125,"z":-0.3954099714756012,"w":0.5956002473831177},"size":3.8436338901519777,"orthographic":false}